{"cameraMode":{"drawMode":0,"name":"Shaded","section":"Shading Mode"},"sceneLighting":true,"audioPlay":false,"sceneViewState":{"m_AlwaysRefresh":false,"showFog":true,"showSkybox":true,"showFlares":true,"showImageEffects":true,"showParticleSystems":true,"showVisualEffectGraphs":true,"m_FxEnabled":true},"in2DMode":false,"pivot":{"x":34.17041778564453,"y":17.79193687438965,"z":-10.608983993530274},"rotation":{"x":0.28399327397346499,"y":-0.6577920913696289,"z":0.2956462502479553,"w":0.6318646669387817},"size":0.006485603749752045,"orthographic":false}