{"cameraMode":{"drawMode":0,"name":"Shaded","section":"Shading Mode"},"sceneLighting":true,"audioPlay":false,"sceneViewState":{"m_AlwaysRefresh":false,"showFog":true,"showSkybox":true,"showFlares":true,"showImageEffects":true,"showParticleSystems":true,"showVisualEffectGraphs":true,"m_FxEnabled":true},"in2DMode":false,"pivot":{"x":1.2757145166397095,"y":0.41629934310913088,"z":-1.1210267543792725},"rotation":{"x":0.05790301039814949,"y":-0.9367256164550781,"z":0.1867702454328537,"w":0.2903781235218048},"size":5.987494468688965,"orthographic":false}