{"cameraMode":{"drawMode":0,"name":"Shaded","section":"Shading Mode"},"sceneLighting":true,"audioPlay":false,"sceneViewState":{"m_AlwaysRefresh":false,"showFog":true,"showSkybox":true,"showFlares":true,"showImageEffects":true,"showParticleSystems":true,"showVisualEffectGraphs":true,"m_FxEnabled":true},"in2DMode":false,"pivot":{"x":-12.14484977722168,"y":11.914312362670899,"z":1.1978472471237183},"rotation":{"x":0.25669845938682558,"y":0.6641725301742554,"z":-0.26167353987693789,"w":0.6515448093414307},"size":0.00838158093392849,"orthographic":false}